from,to
AnthonyLysette,DrJekyllAndMsHyde
AnthonyLysette,TheHourOfThePig
ArgentoAsia,DeLaGuerre
ArgentoAsia,NewRoseHotel
ArgentoAsia,UneVieilleMaitresse
ArquetteRosanna,PulpFiction
ArquetteRosanna,TheWholeNineYards
BeckinsaleKate,TheFaceOfAnAngel
BeckinsaleKate,TheGoldenBowl
BeckinsaleKate,TheLastDaysOfDisco
CoughlanMarisa,Gossip
DarelFlorence,Lourdes
DeLaHuertaPaz,AWalkToRemember
DeLaHuertaPaz,ChelseaWalls
DeLaHuertaPaz,HollywoodDreams
DelevigneCara,TheFaceOfAnAngel
DixSophie,DevilsAdvocate
DixSophie,TheHourOfThePig
EvansAlice,HollywoodDreams
EverhartAngie,1stToDie
EverhartAngie,WelcomeToHollywood
ForlaniClaire,ShannonsRainbow
GaraiRomola,DirtyDancingHavanaNights
GodrecheJudith,Entropy
GodrecheJudith,Winter
GomesLarissa,GetOverIt
GreenEva,300RiseOfAnEmpire
GreenEva,PerfectSense
HannahDaryl,AWalkToRemember
HannahDaryl,BladeRunner
HannahDaryl,KillBillVol1
HannahDaryl,ShannonsRainbow
HannahDaryl,WallStreet
HayekSalma,Frida
HayekSalma,WelcomeToHollywood
HeadeyLena,300RiseOfAnEmpire
HeadeyLena,DevilsAdvocate
HeadeyLena,Gossip
HeadeyLena,Possession
HenstridgeNatasha,Bounce
HenstridgeNatasha,TheWholeNineYards
HollyLauren,BeautifulGirls
HollyLauren,Entropy
HynesJessica,Winter
JolieAngelina,SkyCaptainAndTheWorldOfTomorrow
JuddAshley,Frida
JuddAshley,NormaJeanAndMarilyn
KellyMinka,DevilsHighway
KirshnerMia,DarkSummer
KirshnerMia,Exotica
MaltheNatassia,DevilsHighway
MarguliesJulianna,Jenifer
MatthauAshley,DirtyDancingHavanaNights
MendozaNatalie,TheGreatRaid
NielsenConnie,DarkSummer
NielsenConnie,NymphomaniacVol1
NielsenConnie,PerfectSense
NielsenConnie,TheGreatRaid
PaltrowGwyneth,Bounce
PaltrowGwyneth,Possession
PaltrowGwyneth,SkyCaptainAndTheWorldOfTomorrow
PolleySarah,Exotica
PolleySarah,TheAdventuresofBaronMunchausen
SagemillerMelissa,GetOverIt
SciorraAnnabella,Jenifer
SciorraAnnabella,NewRoseHotel
SeydouxLea,DeLaGuerre
SeydouxLea,Lourdes
SeydouxLea,UneVieilleMaitresse
SorvinoMira,BeautifulGirls
SorvinoMira,NormaJeanAndMarilyn
SorvinoMira,WelcomeToHollywood
SubkoffTara,TheLastDaysOfDisco
ThurmanUma,BeautifulGirls
ThurmanUma,ChelseaWalls
ThurmanUma,EvenCowgirlsGetTheBlues
ThurmanUma,KillBillVol1
ThurmanUma,NymphomaniacVol1
ThurmanUma,PulpFiction
ThurmanUma,TheAdventuresOfBaronMunchausen
ThurmanUma,TheGoldenBowl
YoungSean,1stToDie
YoungSean,BladeRunner
YoungSean,DrJekyllAndMsHyde
YoungSean,EvenCowgirlsGetTheBlues
YoungSean,WallStreet